City_ID,City,Country,Date,Lat,Lng,Max Temp,Humidity,Cloudiness,Wind Speed
0,Barrow,US,2021-01-31 23:43:17,71.2906,-156.7887,-18.4,69,75,10.36
1,Greenwood,US,2021-01-31 23:43:17,34.1668,-82.1165,41.0,100,90,6.91
2,Jamestown,US,2021-01-31 23:43:18,42.097,-79.2353,28.99,74,90,13.8
3,Kaitangata,NZ,2021-01-31 23:43:18,-46.2817,169.8464,68.0,63,87,5.99
4,Mahebourg,MU,2021-01-31 23:43:18,-20.4081,57.7,80.6,78,75,13.8
5,Qaanaaq,GL,2021-01-31 23:43:18,77.484,-69.3632,-3.71,88,100,2.55
6,New Norfolk,AU,2021-01-31 23:43:18,-42.7826,147.0587,75.0,47,52,1.99
7,Plauen,DE,2021-01-31 23:43:18,50.5,12.1333,23.0,84,89,1.99
8,Hilo,US,2021-01-31 23:43:18,19.7297,-155.09,78.8,61,40,3.44
9,Hobart,AU,2021-01-31 23:43:18,-42.8794,147.3294,75.0,56,75,11.5
10,Karakol,KG,2021-01-31 23:43:18,42.4907,78.3936,22.24,71,49,3.06
11,Vaini,TO,2021-01-31 23:43:18,-21.2,-175.2,80.6,89,90,10.36
12,Atuona,PF,2021-01-31 23:43:19,-9.8,-139.0333,78.87,75,58,17.43
13,Arraial Do Cabo,BR,2021-01-31 23:43:19,-22.9661,-42.0278,77.13,82,99,26.91
14,Geraldton,AU,2021-01-31 23:43:19,-28.7667,114.6,87.8,23,0,20.71
15,Khatanga,RU,2021-01-31 23:43:19,71.9667,102.5,-39.32,80,21,8.1
16,Chuy,UY,2021-01-31 23:43:19,-33.6971,-53.4616,69.04,91,100,13.51
17,Tucuman,AR,2021-01-31 23:39:14,-26.8241,-65.2226,69.8,88,90,3.44
18,Changji,CN,2021-01-31 23:43:19,44.0167,87.3167,5.0,85,75,4.47
19,Bambous Virieux,MU,2021-01-31 23:43:19,-20.3428,57.7575,80.6,78,75,13.8
20,Puerto Ayora,EC,2021-01-31 23:43:19,-0.7393,-90.3518,80.01,87,91,5.01
21,Ushuaia,AR,2021-01-31 23:39:04,-54.8,-68.3,53.6,62,90,8.05
22,Shimoda,JP,2021-01-31 23:43:20,34.6667,138.95,46.4,71,40,11.5
23,Okha,RU,2021-01-31 23:43:20,53.5739,142.9478,-14.96,82,21,20.07
24,Talcher,IN,2021-01-31 23:43:20,20.95,85.2167,51.4,47,58,3.13
25,Marawi,PH,2021-01-31 23:43:20,7.9986,124.2928,73.99,93,100,5.01
26,Bathsheba,BB,2021-01-31 23:43:20,13.2167,-59.5167,78.8,69,75,19.57
27,Corning,US,2021-01-31 23:43:21,42.1428,-77.0547,24.8,86,90,5.75
28,Airai,TL,2021-01-31 23:43:21,-8.9266,125.4092,61.57,100,100,4.74
29,Busselton,AU,2021-01-31 23:43:22,-33.65,115.3333,68.0,72,0,5.99
30,Praia Da Vitoria,PT,2021-01-31 23:43:22,38.7333,-27.0667,62.6,100,20,27.81
31,Rikitea,PF,2021-01-31 23:43:22,-23.1203,-134.9692,79.43,61,25,6.96
32,Thompson,CA,2021-01-31 23:43:22,55.7435,-97.8558,10.4,92,40,1.72
33,Dikson,RU,2021-01-31 23:43:22,73.5069,80.5464,-26.28,79,67,8.19
34,Port Alfred,ZA,2021-01-31 23:43:22,-33.5906,26.891,71.01,82,9,7.0
35,Punta Arenas,CL,2021-01-31 23:42:05,-53.15,-70.9167,53.6,66,0,24.16
36,Paamiut,GL,2021-01-31 23:43:22,61.994,-49.6678,22.26,90,0,13.85
37,Alta Floresta,BR,2021-01-31 23:43:22,-9.8756,-56.0861,73.63,91,56,0.69
38,Alenquer,BR,2021-01-31 23:43:22,-1.9417,-54.7383,78.8,94,0,3.44
39,Mabaruma,GY,2021-01-31 23:43:22,8.2,-59.7833,73.51,88,99,5.19
40,Yellowknife,CA,2021-01-31 23:43:05,62.456,-114.3525,-4.0,84,75,5.75
41,San Ramon,US,2021-01-31 23:42:56,37.7799,-121.978,64.99,36,1,3.44
42,Bredasdorp,ZA,2021-01-31 23:43:23,-34.5322,20.0403,63.0,81,99,1.01
43,Oga,IT,2021-01-31 23:43:23,46.4631,10.347,45.0,92,0,3.44
44,Virginia Beach,US,2021-01-31 23:43:23,36.8529,-75.978,51.01,99,100,19.15
45,Ardabil,IR,2021-01-31 23:43:23,38.2498,48.2933,33.19,87,7,10.09
46,Camabatela,AO,2021-01-31 23:43:23,-8.1881,15.375,63.61,100,96,4.32
47,Sinnamary,GF,2021-01-31 23:43:23,5.3833,-52.95,78.06,80,49,14.03
48,Bluff,NZ,2021-01-31 23:43:23,-46.6,168.3333,60.84,68,69,8.05
49,Ancud,CL,2021-01-31 23:43:23,-41.8697,-73.8203,66.2,55,0,5.75
50,Micheweni,TZ,2021-01-31 23:43:24,-4.9667,39.8333,79.14,78,100,10.92
51,Sao Felix Do Xingu,BR,2021-01-31 23:43:24,-6.6447,-51.995,74.5,90,27,2.37
52,Abu Kamal,SY,2021-01-31 23:43:24,34.4506,40.9171,49.91,61,1,6.51
53,Kahului,US,2021-01-31 23:40:38,20.8947,-156.47,78.8,57,20,21.85
54,Hermanus,ZA,2021-01-31 23:43:24,-34.4187,19.2345,63.0,81,93,1.01
55,Hithadhoo,MV,2021-01-31 23:43:24,-0.6,73.0833,82.17,78,77,12.35
56,Quatre Cocos,MU,2021-01-31 23:43:24,-20.2078,57.7625,80.6,78,75,13.8
57,Coihaique,CL,2021-01-31 23:38:36,-45.5752,-72.0662,75.2,33,0,6.91
58,Tuktoyaktuk,CA,2021-01-31 23:43:24,69.4541,-133.0374,-23.8,76,75,3.51
59,Tasiilaq,GL,2021-01-31 23:43:25,65.6145,-37.6368,14.0,57,75,2.3
60,Albany,US,2021-01-31 23:41:38,42.6001,-73.9662,17.01,55,100,2.19
61,Dalbandin,PK,2021-01-31 23:43:25,28.8947,64.4101,55.04,39,0,4.94
62,Port Lincoln,AU,2021-01-31 23:43:25,-34.7333,135.8667,64.76,64,86,17.29
63,Fairlie,GB,2021-01-31 23:43:25,55.756,-4.8556,33.01,90,98,1.01
64,Inyonga,TZ,2021-01-31 23:43:25,-6.7167,32.0667,65.25,93,100,4.79
65,Avarua,CK,2021-01-31 23:43:25,-21.2078,-159.775,78.8,89,90,3.44
66,Amboasary,MG,2021-01-31 23:43:26,-25.0333,46.3833,82.4,78,20,20.71
67,Osypenko,UA,2021-01-31 23:43:26,46.9136,36.8253,36.0,53,97,5.01
68,Mar Del Plata,AR,2021-01-31 23:39:04,-38.0023,-57.5575,64.4,68,75,12.66
69,Juneau,US,2021-01-31 23:43:26,58.3019,-134.4197,28.4,86,20,5.66
70,Beringovskiy,RU,2021-01-31 23:43:26,63.05,179.3167,13.5,96,100,31.85
71,East London,ZA,2021-01-31 23:42:53,-33.0153,27.9116,72.82,70,19,18.21
72,Saint-Philippe,RE,2021-01-31 23:43:26,-21.3585,55.7679,80.6,69,0,13.8
73,Kapaa,US,2021-01-31 23:40:53,22.0752,-159.319,77.0,69,40,12.66
74,Ambilobe,MG,2021-01-31 23:43:26,-13.2,49.05,73.35,94,4,2.68
75,Cape Town,ZA,2021-01-31 23:39:20,-33.9258,18.4232,66.0,77,20,18.41
76,Bethel,US,2021-01-31 23:43:27,41.3712,-73.414,21.99,53,90,4.61
77,Georgetown,MY,2021-01-31 23:43:27,5.4112,100.3354,78.8,73,20,2.3
78,Husavik,IS,2021-01-31 23:43:27,66.0449,-17.3389,-5.8,84,0,8.05
79,Takhtamygda,RU,2021-01-31 23:43:27,54.1,123.5667,-37.95,75,5,3.65
80,Novoaltaysk,RU,2021-01-31 23:43:27,53.3917,83.9363,3.2,72,44,6.71
81,Butaritari,KI,2021-01-31 23:43:27,3.0707,172.7902,80.94,82,38,12.93
82,Ribeira Grande,PT,2021-01-31 23:43:27,38.5167,-28.7,63.12,85,99,28.83
83,Clyde River,CA,2021-01-31 23:39:26,70.4692,-68.5914,-4.0,84,90,13.8
84,Waipawa,NZ,2021-01-31 23:43:27,-41.4122,175.5153,71.6,53,1,5.75
85,Torbay,CA,2021-01-31 23:43:27,47.6666,-52.7314,32.0,93,90,17.27
86,Flinders,AU,2021-01-31 23:43:28,-34.5833,150.8552,75.0,80,76,1.99
87,Lebu,CL,2021-01-31 23:40:17,-37.6167,-73.65,57.42,86,4,14.43
88,Castro,BR,2021-01-31 23:43:28,-24.7911,-50.0119,64.85,95,100,4.54
89,Wajir,KE,2021-01-31 23:43:28,1.7471,40.0573,73.94,68,66,15.52
90,Gat,IL,2021-01-31 23:43:28,31.61,34.7642,55.0,72,0,5.35
91,Klaksvik,FO,2021-01-31 23:43:28,62.2266,-6.589,23.0,80,20,1.14
92,Mataura,NZ,2021-01-31 23:43:28,-46.1927,168.8643,73.45,42,51,3.33
93,Kloulklubed,PW,2021-01-31 23:43:28,7.0419,134.2556,77.0,88,90,6.91
94,Leningradskiy,RU,2021-01-31 23:43:28,69.3833,178.4167,-20.85,86,95,10.31
95,Shubarshi,KZ,2021-01-31 23:43:29,48.5872,57.1869,15.15,93,53,6.08
96,Nikolskoye,RU,2021-01-31 23:43:29,59.7035,30.7861,26.01,93,75,11.18
97,Basse,DE,2021-01-31 23:43:29,52.5518,9.5069,23.0,93,100,6.91
98,Pokhara,NP,2021-01-31 23:43:29,28.2333,83.9833,47.39,50,0,3.89
99,Kendrapara,IN,2021-01-31 23:43:29,20.5042,86.416,62.6,94,76,6.58
100,Gombong,ID,2021-01-31 23:43:29,-7.6072,109.5142,77.83,84,84,2.26
101,Soroti,UG,2021-01-31 23:43:29,1.7146,33.6111,66.85,43,78,6.15
102,Gulbene,LV,2021-01-31 23:43:29,57.1777,26.7529,18.55,98,43,5.99
103,Pevek,RU,2021-01-31 23:43:29,69.7008,170.3133,-26.68,85,62,1.12
104,West Bay,KY,2021-01-31 23:43:30,19.3667,-81.4167,80.6,69,20,11.5
105,Richards Bay,ZA,2021-01-31 23:43:30,-28.783,32.0377,77.16,90,96,10.0
106,Victoria,HK,2021-01-31 23:41:50,22.2855,114.1577,66.0,81,37,8.52
107,Nhulunbuy,AU,2021-01-31 23:43:30,-12.2333,136.7667,86.0,74,20,10.36
108,Bubaque,GW,2021-01-31 23:43:30,11.2833,-15.8333,78.49,71,72,8.66
109,General Roca,AR,2021-01-31 23:43:30,-39.0333,-67.5833,68.0,49,75,4.61
110,Belmonte,BR,2021-01-31 23:43:30,-15.8631,-38.8828,78.8,78,20,11.5
111,Fayaoue,NC,2021-01-31 23:43:30,-20.65,166.5333,78.58,75,88,24.58
112,Puerto Carreno,CO,2021-01-31 23:43:31,6.189,-67.4859,85.35,56,100,12.88
113,Camana,PE,2021-01-31 23:43:31,-16.6228,-72.7111,70.61,73,18,7.72
114,Provideniya,RU,2021-01-31 23:43:31,64.3833,-173.3,3.2,85,90,29.08
115,Batemans Bay,AU,2021-01-31 23:43:31,-35.7167,150.1833,72.0,79,55,8.01
116,Vila Velha,BR,2021-01-31 23:43:31,-20.3297,-40.2925,78.8,78,20,16.11
117,Sioux Lookout,CA,2021-01-31 23:43:31,50.1001,-91.917,26.6,100,90,2.3
118,Muridke,PK,2021-01-31 23:43:31,31.8025,74.2617,48.2,81,0,1.81
119,La Ciotat,FR,2021-01-31 23:43:31,43.1748,5.6045,54.0,86,34,1.01
120,Rio Cuarto,AR,2021-01-31 23:39:21,-33.1307,-64.3499,57.2,100,90,5.75
121,Codrington,AU,2021-01-31 23:43:32,-38.2667,141.9667,62.2,67,100,6.02
122,Tura,IN,2021-01-31 23:43:32,25.5198,90.2201,52.38,46,0,2.51
123,Sao Filipe,CV,2021-01-31 23:43:32,14.8961,-24.4956,73.54,66,0,8.12
124,Guerrero Negro,MX,2021-01-31 23:43:32,27.9769,-114.0611,68.5,34,91,9.01
125,Chapleau,CA,2021-01-31 23:43:32,47.8405,-83.4034,10.4,61,20,6.91
126,Nouadhibou,MR,2021-01-31 23:43:32,20.931,-17.0347,66.2,77,0,24.16
127,Marzuq,YE,2021-01-31 23:43:32,14.4,46.4667,57.63,52,0,2.8
128,Saskylakh,RU,2021-01-31 23:43:33,71.9167,114.0833,-31.27,83,60,7.56
129,Berlevag,NO,2021-01-31 23:43:33,70.8578,29.0864,23.67,92,93,9.64
130,Teya,RU,2021-01-31 23:43:33,60.3778,92.6267,-17.52,82,96,1.16
131,Havelock,US,2021-01-31 23:43:33,34.8791,-76.9013,57.2,94,90,8.05
132,Sabha,LY,2021-01-31 23:43:33,27.0377,14.4283,59.54,28,34,11.39
133,Hamilton,US,2021-01-31 23:43:01,39.1834,-84.5333,37.4,93,90,5.75
134,Severo-Kurilsk,RU,2021-01-31 23:43:33,50.6789,156.125,22.84,91,92,39.55
135,Pitimbu,BR,2021-01-31 23:41:08,-7.4706,-34.8086,78.8,83,20,6.91
136,Kirakira,SB,2021-01-31 23:43:33,-10.4544,161.9205,85.05,70,80,20.49
137,Bambanglipuro,ID,2021-01-31 23:43:34,-7.95,110.2833,77.79,84,98,3.89
138,Vostok,RU,2021-01-31 23:43:34,46.4856,135.8833,3.72,95,100,3.0
139,Charlestown,AU,2021-01-31 23:39:06,-32.95,151.6667,80.01,85,19,5.68
140,Chokurdakh,RU,2021-01-31 23:43:34,70.6333,147.9167,-20.85,87,87,12.12
141,Demba,CD,2021-01-31 23:39:07,-5.51,22.2667,68.85,99,100,0.69
142,Staryy Nadym,RU,2021-01-31 23:43:34,65.6118,72.6842,-9.0,90,75,7.25
143,Mathbaria,BD,2021-01-31 23:43:34,22.2876,89.9593,52.56,50,1,4.21
144,Puerto Escondido,MX,2021-01-31 23:43:34,15.85,-97.0667,84.2,70,1,5.75
145,Manggar,ID,2021-01-31 23:43:34,-2.8833,108.2667,79.48,83,97,9.82
146,Cabedelo,BR,2021-01-31 23:43:35,-6.9811,-34.8339,78.8,83,20,6.91
147,Chumikan,RU,2021-01-31 23:43:35,54.7183,135.315,-23.6,77,31,21.85
148,Anchorage,US,2021-01-31 23:39:01,61.2181,-149.9003,10.4,72,1,3.44
149,Oistins,BB,2021-01-31 23:43:35,13.0667,-59.5333,78.8,69,75,19.57
150,Cidreira,BR,2021-01-31 23:43:35,-30.1811,-50.2056,75.47,91,100,10.49
151,Anzio,IT,2021-01-31 23:43:35,41.4853,12.6179,51.01,87,73,1.01
152,Hasaki,JP,2021-01-31 23:43:35,35.7333,140.8333,37.4,56,75,6.91
153,Oktyabrskiy,RU,2021-01-31 23:43:35,54.4815,53.471,23.9,97,100,20.78
154,Carnarvon,AU,2021-01-31 23:43:35,-24.8667,113.6333,84.2,37,95,11.5
155,Ostersund,SE,2021-01-31 23:43:36,63.1792,14.6357,10.4,92,90,0.72
156,Nanortalik,GL,2021-01-31 23:43:36,60.1432,-45.2371,32.32,91,100,6.35
157,Sur,OM,2021-01-31 23:43:36,22.5667,59.5289,68.63,55,0,4.21
158,Owo,NG,2021-01-31 23:43:36,7.1962,5.5868,72.63,89,6,3.36
159,Broken Hill,AU,2021-01-31 23:43:36,-31.95,141.4333,80.6,22,40,8.05
160,Malinyi,TZ,2021-01-31 23:43:36,-8.9333,36.1333,72.01,95,100,3.02
161,Los Llanos De Aridane,ES,2021-01-31 23:43:36,28.6585,-17.9182,62.6,82,0,10.36
162,Bosaso,SO,2021-01-31 23:43:36,11.2842,49.1816,69.51,73,0,3.65
163,Olinda,BR,2021-01-31 23:43:36,-8.0089,-34.8553,80.6,69,75,8.05
164,Bengkulu,ID,2021-01-31 23:43:37,-3.8004,102.2655,75.58,80,91,4.23
165,Quesnel,CA,2021-01-31 23:43:37,52.9999,-122.5029,32.0,86,90,3.44
166,Maragogi,BR,2021-01-31 23:43:27,-9.0122,-35.2225,77.94,80,69,6.62
167,Itaquyry,PY,2021-01-31 23:43:37,-24.9333,-55.2167,69.8,94,75,4.61
168,Agara,GE,2021-01-31 23:43:37,42.0376,43.8238,38.89,71,72,1.41
169,San Pedro,PH,2021-01-31 23:43:37,14.35,121.0167,75.0,83,40,5.75
170,Lakes Entrance,AU,2021-01-31 23:43:37,-37.8811,147.981,73.0,68,0,1.01
171,Norman Wells,CA,2021-01-31 23:43:37,65.282,-126.8329,-20.2,69,75,11.5
172,Narwar,IN,2021-01-31 23:43:37,25.65,77.9,50.52,45,0,1.74
173,Dubbo,AU,2021-01-31 23:43:37,-32.25,148.6167,82.4,54,6,9.22
174,Muros,ES,2021-01-31 23:43:38,42.7762,-9.0603,59.0,81,100,5.01
175,Bitung,ID,2021-01-31 23:43:38,1.4451,125.1824,77.0,94,40,1.14
176,Takoradi,GH,2021-01-31 23:43:38,4.8845,-1.7554,79.18,88,37,10.6
177,Shingu,JP,2021-01-31 23:43:38,33.7333,135.9833,42.8,70,75,4.61
178,Lavrentiya,RU,2021-01-31 23:43:38,65.5833,-171.0,-6.18,85,100,16.84
179,Ponta Do Sol,PT,2021-01-31 23:43:38,32.6667,-17.1,57.0,75,0,3.0
180,Salalah,OM,2021-01-31 23:43:38,17.0151,54.0924,66.2,68,0,2.3
181,Iqaluit,CA,2021-01-31 23:43:38,63.7506,-68.5145,6.8,78,90,13.8
182,Villazon,BO,2021-01-31 23:43:39,-22.0866,-65.5942,60.73,51,1,13.49
183,Sao Joao Da Barra,BR,2021-01-31 23:43:39,-21.6403,-41.0511,77.86,82,97,20.18
184,Mirabad,AF,2021-01-31 23:43:39,30.4362,61.8383,53.47,40,0,5.23
185,Quimper,FR,2021-01-31 23:40:19,48.0,-4.1,51.8,93,90,14.97
186,Avera,US,2021-01-31 23:43:39,33.194,-82.5271,48.2,97,90,3.44
187,Acapulco,MX,2021-01-31 23:42:17,16.8634,-99.8901,84.2,65,1,12.66
188,High Prairie,CA,2021-01-31 23:43:39,55.4334,-116.4858,14.0,73,67,5.75
189,Doka,SD,2021-01-31 23:43:40,13.5167,35.7667,71.69,49,0,13.29
190,Komsomolskiy,UZ,2021-01-31 23:43:40,40.4272,71.7189,39.2,56,100,4.61
191,Port Blair,IN,2021-01-31 23:43:01,11.6667,92.75,78.15,84,16,11.34
192,Ponta Delgada,PT,2021-01-31 23:43:40,37.7333,-25.6667,62.01,94,75,17.27
193,Sitka,US,2021-01-31 23:40:49,57.0531,-135.33,42.8,42,40,3.44
194,Urumqi,CN,2021-01-31 23:43:40,43.801,87.6005,3.2,85,75,4.47
195,Brae,GB,2021-01-31 23:43:40,60.3964,-1.353,32.0,86,20,11.5
196,Sorland,NO,2021-01-31 23:43:41,67.667,12.6934,34.07,84,100,20.04
197,Kinablangan,PH,2021-01-31 23:43:41,7.6947,126.5503,79.75,79,100,1.9
198,Morro Bay,US,2021-01-31 23:43:41,35.3658,-120.8499,62.01,82,100,1.01
199,Kirovskiy,RU,2021-01-31 23:43:41,45.0917,133.5136,10.4,95,100,3.53
200,Port Elizabeth,ZA,2021-01-31 23:43:41,-33.918,25.5701,69.8,78,40,26.46
201,South Daytona,US,2021-01-31 23:39:50,29.1658,-81.0045,75.2,53,90,12.66
202,Bangsund,NO,2021-01-31 23:43:41,64.3968,11.3949,32.0,81,76,5.99
203,Stromness,GB,2021-01-31 23:39:50,58.965,-3.296,32.0,86,75,2.3
204,Salym,RU,2021-01-31 23:39:01,60.0625,71.4789,2.75,94,89,4.36
205,Ngunguru,NZ,2021-01-31 23:43:42,-35.6167,174.5,66.16,64,0,9.73
206,Tuatapere,NZ,2021-01-31 23:43:42,-46.1333,167.6833,70.09,52,5,4.18
207,Port Hardy,CA,2021-01-31 23:43:42,50.6996,-127.4199,44.6,87,75,5.75
208,Katobu,ID,2021-01-31 23:43:42,-4.9408,122.5276,80.47,79,100,3.04
209,Fairbanks,US,2021-01-31 23:41:29,64.8378,-147.7164,-2.2,84,90,1.39
210,Baghdad,IQ,2021-01-31 23:43:42,33.3406,44.4009,53.6,58,0,5.75
211,Ternate,ID,2021-01-31 23:43:42,0.8,127.4,79.93,72,97,5.06
212,El Sauzal,MX,2021-01-31 23:43:42,31.9,-116.6833,60.01,77,87,2.77
213,Udankudi,IN,2021-01-31 23:43:42,8.4333,78.0167,74.44,86,83,14.97
214,Khash,IR,2021-01-31 23:43:43,28.2211,61.2158,43.27,65,0,2.75
215,Luba,GQ,2021-01-31 23:43:43,3.4568,8.5547,80.6,89,20,8.05
216,Aswan,EG,2021-01-31 23:43:43,24.0934,32.907,57.38,47,0,6.6
217,Mogadishu,SO,2021-01-31 23:43:43,2.0371,45.3438,75.02,84,7,19.28
218,Rosa Zarate,EC,2021-01-31 23:43:43,0.3333,-79.4667,75.51,92,90,4.05
219,Mayo,US,2021-01-31 23:43:43,38.8876,-76.5119,33.01,93,90,12.66
220,Karratha,AU,2021-01-31 23:43:43,-20.7377,116.8463,85.14,57,99,15.21
221,Esperance,AU,2021-01-31 23:43:43,-33.8667,121.9,62.6,82,6,8.05
222,Labuhan,ID,2021-01-31 23:43:43,-6.8844,112.2051,78.67,84,100,8.3
223,Porto Novo,BJ,2021-01-31 23:43:44,6.4965,2.6036,84.2,84,40,12.66
224,Kamwenge,UG,2021-01-31 23:43:44,0.1866,30.4539,64.89,69,95,2.17
225,Senanga,ZM,2021-01-31 23:43:44,-16.1167,23.2667,67.01,88,100,5.19
226,Jericho,PS,2021-01-31 23:43:44,31.8667,35.45,50.0,83,0,4.07
227,Tiksi,RU,2021-01-31 23:43:44,71.6872,128.8694,-27.27,86,100,6.4
228,Samarai,PG,2021-01-31 23:43:44,-10.6167,150.6667,85.12,68,8,9.78
229,Prachuap Khiri Khan,TH,2021-01-31 23:41:11,12.2167,99.75,69.8,78,0,2.3
230,Weligama,LK,2021-01-31 23:43:44,5.9667,80.4167,73.92,89,53,4.07
231,Coahuayana,MX,2021-01-31 23:43:44,18.7333,-103.6833,80.6,74,1,5.01
232,Bucerias,MX,2021-01-31 23:43:45,20.75,-105.3333,73.4,78,20,9.22
233,Vila Franca Do Campo,PT,2021-01-31 23:43:45,37.7167,-25.4333,62.01,94,75,17.27
234,Longyearbyen,SJ,2021-01-31 23:43:45,78.2186,15.6401,1.4,60,0,17.27
235,Phalodi,IN,2021-01-31 23:43:45,27.1333,72.3667,58.14,28,0,4.07
236,Nome,US,2021-01-31 23:43:45,64.5011,-165.4064,3.0,55,1,10.36
237,Brazzaville,CG,2021-01-31 23:43:45,-4.2658,15.2832,77.0,88,40,3.44
238,Lanigan,CA,2021-01-31 23:43:45,51.8501,-105.0344,3.2,78,2,5.75
239,Hua Hin,TH,2021-01-31 23:43:45,12.5707,99.9588,69.8,78,0,2.3
240,Xining,CN,2021-01-31 23:43:46,36.6167,101.7667,10.98,64,0,3.13
241,Wasilla,US,2021-01-31 23:43:46,61.5814,-149.4394,12.2,92,20,1.1
242,Zhigansk,RU,2021-01-31 23:43:46,66.7697,123.3711,-45.08,76,44,2.48
243,Kijang,KR,2021-01-31 23:43:46,35.2442,129.2139,51.8,93,90,5.75
244,Axim,GH,2021-01-31 23:43:46,4.8699,-2.2405,79.16,88,27,9.1
245,Saint-Augustin,CA,2021-01-31 23:43:46,51.226,-58.6502,13.59,91,81,13.29
246,Auki,SB,2021-01-31 23:43:46,-8.7676,160.7034,83.35,79,98,17.78
247,Kavieng,PG,2021-01-31 23:43:47,-2.5744,150.7967,83.39,82,100,15.14
248,Eirunepe,BR,2021-01-31 23:43:47,-6.6603,-69.8736,73.06,96,84,0.45
249,Lata,PT,2021-01-31 23:43:47,40.1629,-8.3327,57.0,93,85,7.92
250,Sambava,MG,2021-01-31 23:43:47,-14.2667,50.1667,76.14,84,27,7.38
251,Coquimbo,CL,2021-01-31 23:40:06,-29.9533,-71.3436,66.2,88,20,9.22
252,Sarkand,KZ,2021-01-31 23:43:47,45.41,79.9186,33.69,70,99,3.98
253,Makakilo City,US,2021-01-31 23:43:47,21.3469,-158.0858,82.4,47,90,4.61
254,Iquitos,PE,2021-01-31 23:43:47,-3.7481,-73.2472,75.2,94,90,5.75
255,Natchitoches,US,2021-01-31 23:43:47,31.7668,-93.1335,53.6,58,1,12.66
256,Peniche,PT,2021-01-31 23:40:41,39.3558,-9.3811,59.0,99,86,8.01
257,Pangnirtung,CA,2021-01-31 23:43:48,66.1451,-65.7125,-4.61,87,100,3.38
258,Upernavik,GL,2021-01-31 23:43:48,72.7868,-56.1549,2.55,93,100,6.6
259,Havoysund,NO,2021-01-31 23:43:48,70.9963,24.6622,26.6,86,75,14.97
260,Pisco,PE,2021-01-31 23:39:26,-13.7,-76.2167,71.6,68,75,17.27
261,Minab,IR,2021-01-31 23:43:48,27.1467,57.0801,57.2,77,0,2.3
262,Ilulissat,GL,2021-01-31 23:43:48,69.2167,-51.1,6.8,56,20,6.91
263,Kodiak,US,2021-01-31 23:43:48,57.79,-152.4072,32.0,51,1,10.36
264,Yar-Sale,RU,2021-01-31 23:43:49,66.8333,70.8333,-12.28,89,92,7.81
265,Bandarbeyla,SO,2021-01-31 23:43:49,9.4942,50.8122,72.46,73,26,18.37
266,Goure,NE,2021-01-31 23:43:49,13.9835,10.2704,71.01,17,0,8.99
267,Bundaberg,AU,2021-01-31 23:43:49,-24.85,152.35,84.0,57,75,13.8
268,Anloga,GH,2021-01-31 23:43:49,5.7947,0.8973,81.75,83,12,14.9
269,Athabasca,CA,2021-01-31 23:43:49,54.7169,-113.2854,8.6,72,26,6.91
270,Oktyabrskoye,RU,2021-01-31 23:43:49,43.0645,44.7417,24.8,93,48,6.71
271,Whitehorse,CA,2021-01-31 23:43:49,60.7161,-135.0538,1.0,77,90,4.61
272,Mount Gambier,AU,2021-01-31 23:43:50,-37.8333,140.7667,59.0,88,100,8.05
273,Botou,CN,2021-01-31 23:43:50,38.0667,116.5667,30.61,79,1,8.5
274,Boddam,GB,2021-01-31 23:43:50,57.4667,-1.7833,32.0,86,75,2.3
275,Ankpa,NG,2021-01-31 23:43:50,7.3706,7.6253,77.85,27,49,4.97
276,Kishtwar,IN,2021-01-31 23:43:50,33.3167,75.7667,37.98,69,79,4.61
277,Ibarra,EC,2021-01-31 23:39:00,0.35,-78.1167,69.8,40,20,11.5
278,Petropavlovsk-Kamchatskiy,RU,2021-01-31 23:39:17,53.0452,158.6483,17.6,53,66,20.38
279,Umm Lajj,SA,2021-01-31 23:43:50,25.0213,37.2685,69.82,41,0,8.88
280,Kemijarvi,FI,2021-01-31 23:43:51,66.7131,27.4306,8.33,95,85,5.44
281,Lagoa,PT,2021-01-31 23:43:51,39.05,-27.9833,61.5,87,99,20.4
282,Palekh,RU,2021-01-31 23:43:51,56.8028,41.8572,19.13,96,100,12.68
283,Kangaatsiaq,GL,2021-01-31 23:43:51,68.3065,-53.4641,2.89,94,67,9.01
284,Denpasar,ID,2021-01-31 23:40:37,-8.65,115.2167,78.8,94,40,3.44
285,Walvis Bay,NA,2021-01-31 23:43:51,-22.9575,14.5053,68.0,77,10,8.05
286,Cabo San Lucas,MX,2021-01-31 23:38:58,22.8909,-109.9124,75.99,64,90,11.5
287,Loa Janan,ID,2021-01-31 23:43:51,-0.583,117.095,75.63,92,100,2.62
288,Bongaree,AU,2021-01-31 23:43:52,-27.0797,153.1586,82.0,74,14,3.0
289,Havre-Saint-Pierre,CA,2021-01-31 23:43:52,50.2334,-63.5986,17.6,62,20,6.91
290,Marsa Matruh,EG,2021-01-31 23:43:52,31.3525,27.2453,57.2,62,0,6.91
291,Shirokiy,RU,2021-01-31 23:43:52,49.758,129.523,-19.91,84,100,11.88
292,Angoche,MZ,2021-01-31 23:43:52,-16.2325,39.9086,79.59,78,100,12.5
293,Long Xuyen,VN,2021-01-31 23:43:52,10.3833,105.4167,73.4,100,20,3.44
294,Kruisfontein,ZA,2021-01-31 23:43:52,-34.0033,24.7314,68.0,83,76,7.0
295,Hofn,IS,2021-01-31 23:43:53,64.2539,-15.2082,26.83,82,45,8.23
296,Cockburn Town,TC,2021-01-31 23:43:53,21.4612,-71.1419,75.2,60,40,11.5
297,Uglegorsk,RU,2021-01-31 23:43:54,49.0833,142.0333,-1.93,88,61,4.74
298,Jagatsinghapur,IN,2021-01-31 23:42:21,20.2667,86.1667,62.6,94,60,5.79
299,Naron,ES,2021-01-31 23:43:54,43.5167,-8.1528,57.99,72,40,13.8
300,Itaituba,BR,2021-01-31 23:43:54,-4.2761,-55.9836,77.0,94,20,1.41
301,Turayf,SA,2021-01-31 23:43:54,31.6725,38.6637,42.8,93,0,4.61
302,Ketchikan,US,2021-01-31 23:43:54,55.3422,-131.6461,37.4,81,90,5.75
303,Muravlenko,RU,2021-01-31 23:43:54,63.7898,74.523,-5.48,92,84,6.85
304,Nyurba,RU,2021-01-31 23:43:54,63.2842,118.3319,-44.86,78,78,4.29
305,Tipp City,US,2021-01-31 23:43:54,39.9584,-84.1722,33.8,80,90,12.66
306,Doliana,GR,2021-01-31 23:43:55,39.9032,20.5794,46.0,96,99,1.99
307,Cap-Aux-Meules,CA,2021-01-31 23:43:55,47.3821,-61.8597,30.2,69,99,14.97
308,Alexander City,US,2021-01-31 23:43:55,32.944,-85.9539,64.4,59,40,5.75
309,Pacific Grove,US,2021-01-31 23:43:55,36.6177,-121.9166,57.99,67,1,3.44
310,Issoire,FR,2021-01-31 23:43:55,45.55,3.25,51.8,66,90,10.36
311,Uva,RU,2021-01-31 23:43:55,56.9908,52.1852,27.0,92,100,4.0
312,Lewisville,US,2021-01-31 23:43:55,33.0462,-96.9942,55.4,38,1,14.97
313,Daru,PG,2021-01-31 23:43:56,-9.0763,143.2092,81.91,79,98,13.22
314,Dunkirk,FR,2021-01-31 23:43:56,51.05,2.3667,37.99,97,100,1.01
315,Broome,US,2021-01-31 23:43:56,42.2506,-75.833,25.0,79,90,8.05
316,Willowmore,ZA,2021-01-31 23:43:56,-33.2926,23.4895,63.97,67,53,14.81
317,Lodja,CD,2021-01-31 23:43:56,-3.4833,23.4333,70.02,88,92,1.99
318,Le Vauclin,MQ,2021-01-31 23:43:56,14.5452,-60.8388,78.8,78,75,17.27
319,Kyaikkami,MM,2021-01-31 23:43:56,16.08,97.5675,76.3,77,33,4.16
320,Lorengau,PG,2021-01-31 23:43:56,-2.0226,147.2712,83.55,81,98,11.12
321,Touros,BR,2021-01-31 23:43:56,-5.1989,-35.4608,78.8,78,20,8.05
322,Itarema,BR,2021-01-31 23:43:57,-2.9248,-39.9167,80.19,81,21,14.76
323,Boulder City,US,2021-01-31 23:43:57,35.9786,-114.8325,59.0,25,1,8.05
324,Porto Santo,PT,2021-01-31 23:43:57,33.072,-16.3415,60.8,88,20,6.91
325,Nisia Floresta,BR,2021-01-31 23:43:57,-6.0911,-35.2086,80.6,78,20,12.66
326,Vanimo,PG,2021-01-31 23:43:57,-2.6741,141.3028,76.8,89,100,8.03
327,Ahipara,NZ,2021-01-31 23:43:57,-35.1667,173.1667,71.98,51,0,6.62
328,Grindavik,IS,2021-01-31 23:43:57,63.8424,-22.4338,30.2,74,75,14.97
329,Salinopolis,BR,2021-01-31 23:43:57,-0.6136,-47.3561,79.99,83,25,12.95
330,Messina,IT,2021-01-31 23:43:58,38.1933,15.5497,55.0,81,40,4.61
331,Zlatoust,RU,2021-01-31 23:43:58,55.1711,59.6508,17.31,93,0,6.44
332,Anadyr,RU,2021-01-31 23:43:58,64.75,177.4833,8.6,78,90,53.69
333,Jhanjharpur,IN,2021-01-31 23:43:58,26.2667,86.2833,47.88,53,0,5.32
334,Danshui,CN,2021-01-31 23:43:58,22.7984,114.4672,63.0,81,9,2.73
335,Faanui,PF,2021-01-31 23:43:58,-16.4833,-151.75,81.81,72,75,9.57
336,Narsaq,GL,2021-01-31 23:43:58,60.9167,-46.05,39.2,33,75,16.11
337,San Cristobal,VE,2021-01-31 23:43:58,7.7669,-72.225,68.56,72,99,2.28
338,Freeport,US,2021-01-31 23:43:58,40.6576,-73.5832,25.0,54,90,6.91
339,San Felipe,VE,2021-01-31 23:43:58,10.3399,-68.7425,71.74,89,96,4.94
340,Beloha,MG,2021-01-31 23:43:59,-25.1667,45.05,75.74,83,51,1.97
341,Aljezur,PT,2021-01-31 23:43:59,37.3191,-8.8033,59.0,100,99,1.99
342,Faya,SA,2021-01-31 23:43:59,18.3851,42.4509,55.4,43,0,3.06
343,Sao Miguel Do Araguaia,BR,2021-01-31 23:39:02,-13.275,-50.1628,77.02,78,82,4.05
344,Omaruru,NA,2021-01-31 23:43:59,-21.4333,15.9333,68.13,46,23,5.53
345,Itoman,JP,2021-01-31 23:43:06,26.1247,127.6694,64.4,68,20,4.61
346,Henties Bay,NA,2021-01-31 23:43:59,-22.116,14.2845,68.0,84,79,5.06
347,Manokwari,ID,2021-01-31 23:43:59,-0.8667,134.0833,78.39,68,100,3.18
348,Acarau,BR,2021-01-31 23:39:09,-2.8856,-40.12,80.17,82,25,15.48
349,Leh,IN,2021-01-31 23:44:00,34.1667,77.5833,6.69,68,96,1.88
350,Pindorama,BR,2021-01-31 23:44:00,-21.1858,-48.9072,73.4,68,40,9.22
351,Padang,ID,2021-01-31 23:43:18,-0.9492,100.3543,77.5,72,72,4.16
352,Portland,US,2021-01-31 23:43:42,45.5234,-122.6762,54.0,76,90,12.66
353,Svetlaya,RU,2021-01-31 23:44:00,46.5389,138.3297,7.54,94,100,6.04
354,San Patricio,US,2021-01-31 23:44:00,28.017,-97.5169,78.8,18,1,11.5
355,Dicabisagan,PH,2021-01-31 23:44:00,17.0818,122.4157,72.45,82,90,7.7
356,Namibe,AO,2021-01-31 23:44:01,-15.1961,12.1522,72.14,75,97,6.22
357,Comodoro Rivadavia,AR,2021-01-31 23:44:01,-45.8667,-67.5,71.6,43,0,16.11
358,Chipinge,ZW,2021-01-31 23:44:01,-20.1883,32.6236,65.1,99,58,3.33
359,Isangel,VU,2021-01-31 23:44:01,-19.55,169.2667,82.4,78,75,9.22
360,Marsaxlokk,MT,2021-01-31 23:44:01,35.8419,14.5431,57.2,77,40,20.71
361,Saint Anthony,US,2021-01-31 23:44:01,45.0205,-93.218,33.8,69,90,10.36
362,Gornopravdinsk,RU,2021-01-31 23:44:02,60.05,69.9,4.75,95,93,4.94
363,Cedral,MX,2021-01-31 23:44:02,23.8,-100.7333,68.81,37,4,16.67
364,Xiazhen,CN,2021-01-31 23:44:02,34.8022,117.1117,39.97,62,39,5.59
365,Manga,BF,2021-01-31 23:44:02,11.6636,-1.0731,73.63,18,66,8.79
366,Cayenne,GF,2021-01-31 23:42:28,4.9333,-52.3333,78.8,83,75,8.05
367,Balsta,SE,2021-01-31 23:44:02,59.5671,17.5278,17.01,85,75,5.75
368,Nemuro,JP,2021-01-31 23:44:03,43.3236,145.575,6.8,85,20,2.3
369,Cristinapolis,BR,2021-01-31 23:44:04,-11.4756,-37.7553,72.99,92,75,3.85
370,Palu,ID,2021-01-31 23:44:04,-0.8917,119.8707,79.2,74,90,1.45
371,Esmeraldas,BR,2021-01-31 23:41:37,-19.7625,-44.3139,78.8,53,0,9.22
372,Goundi,TD,2021-01-31 23:44:04,9.3627,17.366,74.88,21,0,2.51
373,Poum,NC,2021-01-31 23:44:04,-20.2333,164.0167,80.42,73,100,16.8
374,Aasiaat,GL,2021-01-31 23:44:04,68.7098,-52.8699,-3.15,92,71,8.32
375,Cherskiy,RU,2021-01-31 23:44:04,68.75,161.3,-15.02,83,97,5.84
376,Anage,BR,2021-01-31 23:44:05,-14.6122,-41.1356,73.24,75,27,6.96
377,Antofagasta,CL,2021-01-31 23:41:39,-23.65,-70.4,68.0,73,40,14.97
378,Rocha,UY,2021-01-31 23:44:05,-34.4833,-54.3333,67.5,74,82,8.84
379,Abu Samrah,SY,2021-01-31 23:44:05,35.3029,37.1841,44.65,94,2,6.78
380,Biasca,CH,2021-01-31 23:44:05,46.3597,8.9697,43.0,93,90,1.23
381,Ballarat,AU,2021-01-31 23:43:33,-37.5662,143.8496,71.49,40,93,3.87
382,Pemangkat,ID,2021-01-31 23:44:05,1.1667,108.9667,76.5,90,90,9.22
383,Deputatskiy,RU,2021-01-31 23:44:05,69.3,139.9,-27.22,88,98,2.15
384,Usinsk,RU,2021-01-31 23:44:06,65.9939,57.5281,20.25,98,100,13.76
385,Vitim,RU,2021-01-31 23:44:06,59.4511,112.5578,-30.26,80,100,9.44
386,Ayan,RU,2021-01-31 23:44:06,56.45,138.1667,-21.33,73,100,13.13
387,Izhma,RU,2021-01-31 23:44:06,65.0083,53.9113,24.04,97,100,11.52
388,Ferrol,ES,2021-01-31 23:44:06,43.4832,-8.2369,57.99,78,96,5.99
389,Alofi,NU,2021-01-31 23:44:06,-19.0595,-169.9187,84.2,74,75,11.5
390,Alyangula,AU,2021-01-31 23:44:06,-13.8483,136.4192,86.0,74,75,6.91
391,Matiari,PK,2021-01-31 23:44:06,25.5961,68.4467,46.4,81,0,2.55
392,Ambulu,ID,2021-01-31 23:44:07,-8.345,113.6058,77.67,84,100,3.31
393,Ust-Kuyga,RU,2021-01-31 23:44:07,70.0167,135.6,-36.35,80,71,6.06
394,Desaguadero,PE,2021-01-31 23:44:07,-16.5656,-69.0417,50.45,69,17,7.78
395,Ca Mau,VN,2021-01-31 23:44:07,9.1769,105.15,75.27,81,25,6.38
396,Kayseri,TR,2021-01-31 23:44:07,38.737,35.4968,28.4,93,40,4.61
397,Ormara,PK,2021-01-31 23:44:07,25.2088,64.6357,68.54,76,0,7.72
398,Grootfontein,NA,2021-01-31 23:44:08,-19.5667,18.1167,66.2,94,100,1.14
399,Nyazepetrovsk,RU,2021-01-31 23:44:08,56.0531,59.6028,18.64,92,17,4.76
400,Pringsewu,ID,2021-01-31 23:44:08,-5.3582,104.9744,73.8,90,92,0.98
401,Constitucion,CL,2021-01-31 23:39:25,-35.3333,-72.4167,58.95,85,9,10.02
402,Pleasantville,US,2021-01-31 23:44:09,39.3898,-74.524,34.0,93,90,14.97
403,Chicama,PE,2021-01-31 23:44:09,-7.8447,-79.1469,74.12,68,0,8.21
404,Talnakh,RU,2021-01-31 23:44:09,69.4865,88.3972,-18.17,77,95,9.95
405,Dingle,PH,2021-01-31 23:44:09,10.9995,122.6711,76.39,85,91,10.92
406,Bay Roberts,CA,2021-01-31 23:41:03,47.5999,-53.2648,30.99,93,90,17.27
407,Coromandel,BR,2021-01-31 23:43:09,-18.4733,-47.2003,69.53,81,78,2.55
408,Mecca,SA,2021-01-31 23:44:09,21.4267,39.8261,70.41,51,0,1.3
409,Maralal,KE,2021-01-31 23:44:09,1.0968,36.698,57.24,59,100,6.76
410,Progreso,MX,2021-01-31 23:44:09,21.2833,-89.6667,80.6,57,40,11.5
411,Minokamo,JP,2021-01-31 23:44:10,35.482,137.0217,35.01,61,0,2.86
412,Santo Domingo,DO,2021-01-31 23:43:36,18.5001,-69.9886,77.0,93,78,7.0
413,Necochea,AR,2021-01-31 23:41:08,-38.5473,-58.7368,59.0,67,59,10.18
414,Maceio,BR,2021-01-31 23:44:10,-9.6658,-35.7353,75.2,94,0,4.61
415,Saint George,US,2021-01-31 23:44:10,37.1041,-113.5841,57.0,40,1,3.58
416,Dhidhdhoo,MV,2021-01-31 23:44:10,6.8833,73.1,81.99,68,37,6.38
417,Allapalli,IN,2021-01-31 23:44:10,19.4167,80.0667,59.81,35,0,1.19
418,Taoudenni,ML,2021-01-31 23:44:10,22.6783,-3.9836,69.24,22,0,8.59
419,Zunyi,CN,2021-01-31 23:44:10,27.6867,106.9072,44.02,86,95,1.86
420,Road Town,VG,2021-01-31 23:44:11,18.4167,-64.6167,77.0,83,40,9.22
421,Florissant,US,2021-01-31 23:41:45,38.7892,-90.3226,35.01,86,90,16.11
422,Kattivakkam,IN,2021-01-31 23:44:11,13.2167,80.3167,73.4,88,40,6.49
423,Tshane,BW,2021-01-31 23:44:11,-24.0196,21.8684,74.5,63,91,9.66
424,Shaoxing,CN,2021-01-31 23:44:11,30.011,120.5715,51.8,66,75,4.47
425,Ust-Kulom,RU,2021-01-31 23:44:11,61.6864,53.6902,29.32,97,100,14.05
426,Santiago Del Estero,AR,2021-01-31 23:41:18,-27.7951,-64.2615,69.46,77,100,8.68
427,Kailua,US,2021-01-31 23:44:12,21.4022,-157.7394,80.6,61,20,12.66
428,Griffith,US,2021-01-31 23:44:12,41.5284,-87.4237,32.0,100,90,17.27
429,Ambatolampy,MG,2021-01-31 23:44:12,-19.3833,47.4167,66.2,94,75,4.61
430,Kirishi,RU,2021-01-31 23:44:12,59.4471,32.0205,23.0,78,95,6.06
431,Souillac,MU,2021-01-31 23:44:12,-20.5167,57.5167,80.6,78,75,13.8
432,Carutapera,BR,2021-01-31 23:44:12,-1.195,-46.02,78.89,84,6,8.12
433,Tual,ID,2021-01-31 23:39:19,-5.6667,132.75,81.9,75,100,12.33
434,Vardo,NO,2021-01-31 23:44:12,70.3705,31.1107,15.8,86,75,9.22
435,Sevsk,RU,2021-01-31 23:44:12,52.1491,34.4926,14.56,96,9,8.68
436,Sistranda,NO,2021-01-31 23:44:12,63.7256,8.834,30.2,86,20,17.27
437,Lithakia,GR,2021-01-31 23:44:13,37.7167,20.8333,59.0,88,90,12.66
438,Formosa,AR,2021-01-31 23:44:13,-26.1775,-58.1781,82.4,78,75,4.61
439,Bulancak,TR,2021-01-31 23:44:13,40.9372,38.2291,42.8,93,0,3.44
440,Lubben,DE,2021-01-31 23:44:13,51.95,13.9,19.99,85,40,3.44
441,Nogliki,RU,2021-01-31 23:44:13,51.8333,143.1667,-10.93,86,14,10.18
442,Tilichiki,RU,2021-01-31 23:44:13,60.4667,166.1,-2.96,94,100,17.49
443,Grande-Synthe,FR,2021-01-31 23:44:13,51.0154,2.2998,37.99,98,100,3.0
444,Tongling,CN,2021-01-31 23:44:13,30.95,117.7833,48.29,93,100,2.15
445,Salinas,US,2021-01-31 23:44:14,36.6777,-121.6555,62.6,48,1,6.91
446,Brusque,BR,2021-01-31 23:44:14,-27.0981,-48.9175,80.6,74,0,10.36
447,Vegreville,CA,2021-01-31 23:44:14,53.5001,-112.0518,5.0,72,71,3.44
448,Kuytun,RU,2021-01-31 23:44:14,54.3419,101.5036,-35.97,82,0,3.11
449,Haines Junction,CA,2021-01-31 23:44:14,60.7522,-137.5108,3.2,72,87,6.91
450,Batagay,RU,2021-01-31 23:44:14,67.6333,134.6333,-50.69,76,81,0.94
451,Zalantun,CN,2021-01-31 23:44:14,48.0,122.7167,-9.8,88,100,7.16
452,Warrington,GB,2021-01-31 23:44:14,53.3925,-2.5802,36.0,75,90,9.22
453,Saldanha,ZA,2021-01-31 23:44:11,-33.0117,17.9442,65.23,84,83,17.76
454,Rio Grande City,US,2021-01-31 23:44:15,26.3798,-98.8203,79.0,23,0,4.0
455,Morros,BR,2021-01-31 23:44:15,-9.4467,-46.3003,78.1,65,78,2.84
456,Lucapa,AO,2021-01-31 23:44:15,-8.4192,20.7447,67.03,99,100,2.57
457,Mackenzie,CA,2021-01-31 23:44:15,55.2999,-123.1698,17.6,86,90,3.44
458,Phan Thiet,VN,2021-01-31 23:40:45,10.9333,108.1,72.63,78,100,5.95
459,Vao,NC,2021-01-31 23:44:15,-22.6667,167.4833,75.9,74,100,23.42
460,Prado,BR,2021-01-31 23:44:15,-17.3411,-39.2208,76.68,85,95,7.85
461,Santa Rosa,PH,2021-01-31 23:44:15,14.3122,121.1114,75.0,83,40,5.75
462,Lazaro Cardenas,MX,2021-01-31 23:44:15,17.9583,-102.2,80.37,69,1,7.67
463,Rajula,IN,2021-01-31 23:44:16,21.05,71.4333,63.95,29,0,11.05
464,Hualmay,PE,2021-01-31 23:44:16,-11.0964,-77.6139,71.67,75,75,12.1
465,Lyngseidet,NO,2021-01-31 23:44:16,69.5763,20.2189,25.0,93,20,4.61
466,Katsuura,JP,2021-01-31 23:44:16,35.1333,140.3,43.0,52,75,10.36
467,Jamsa,FI,2021-01-31 23:44:16,61.8642,25.19,15.8,86,75,2.3
468,Mugumu,TZ,2021-01-31 23:44:16,-1.85,34.7,57.99,69,97,3.89
469,Slave Lake,CA,2021-01-31 23:44:16,55.2834,-114.769,14.0,67,20,12.66
470,Namatanai,PG,2021-01-31 23:44:17,-3.6667,152.4333,84.51,71,97,9.19
471,Luderitz,NA,2021-01-31 23:43:55,-26.6481,15.1594,65.73,77,1,20.02
472,Peshawar,PK,2021-01-31 23:44:17,34.008,71.5785,50.0,62,40,6.91
473,Celestun,MX,2021-01-31 23:44:17,20.8667,-90.4,73.67,76,0,14.67
474,Sterling,US,2021-01-31 23:39:49,39.0062,-77.4286,30.0,100,90,6.91
475,Scottsbluff,US,2021-01-31 23:44:17,41.8666,-103.6672,50.0,22,1,4.61
476,Nizwa,OM,2021-01-31 23:44:17,22.9333,57.5333,55.76,62,0,1.03
477,Eyl,SO,2021-01-31 23:44:18,7.9803,49.8164,71.78,72,30,14.67
478,Bennington,US,2021-01-31 23:44:18,42.8781,-73.1968,14.0,67,1,2.3
479,Pyaozerskiy,RU,2021-01-31 23:44:18,65.8333,31.1667,9.84,96,100,3.42
480,Yeppoon,AU,2021-01-31 23:44:18,-23.1333,150.7333,82.4,57,20,9.22
481,Teknaf,BD,2021-01-31 23:44:18,20.8624,92.3058,58.19,43,57,7.29
482,Izumo,JP,2021-01-31 23:44:18,35.3667,132.7667,44.6,65,75,1.14
483,Aracuai,BR,2021-01-31 23:44:18,-16.8497,-42.0703,73.76,73,78,4.09
484,Alugan,PH,2021-01-31 23:44:18,12.2188,125.4808,79.97,80,97,15.64
485,Kirovsk,UA,2021-01-31 23:44:18,48.6375,38.6428,31.75,92,92,3.87
486,Honningsvag,NO,2021-01-31 23:44:19,70.9821,25.9704,30.58,93,100,15.79
487,Andrushivka,UA,2021-01-31 23:44:19,50.0229,29.0202,19.45,96,63,4.12
488,Kalamb,IN,2021-01-31 23:44:19,19.05,73.95,66.88,47,1,6.49
489,Nelidovo,RU,2021-01-31 23:44:19,56.2211,32.7774,22.62,96,100,11.86
490,Kaduqli,SD,2021-01-31 23:44:19,11.0167,29.7167,71.56,21,7,10.47
491,Casa Nova,BR,2021-01-31 23:44:19,-9.4167,-41.1333,82.4,65,0,2.3
492,Tyukhtet,RU,2021-01-31 23:44:19,56.5389,89.3011,-13.9,85,67,8.68
493,Sainte-Anne-Des-Monts,CA,2021-01-31 23:44:19,49.124,-66.4924,19.4,86,86,6.91
494,Buala,SB,2021-01-31 23:44:20,-8.145,159.5921,83.77,80,100,17.47
495,Mokhsogollokh,RU,2021-01-31 23:44:20,61.4681,128.9203,-38.36,80,100,6.8
496,Pokrovsk,UA,2021-01-31 23:44:20,48.282,37.1758,32.85,89,98,7.05
497,Dorado,PR,2021-01-31 23:40:28,18.4588,-66.2677,77.0,83,75,14.97
498,Seara,PT,2021-01-31 23:44:20,41.1818,-7.8003,55.0,8,77,14.0
499,Cao Bang,VN,2021-01-31 23:44:20,22.6667,106.25,62.08,88,98,2.04
500,Grand Bank,CA,2021-01-31 23:44:20,47.0999,-55.765,30.74,92,97,16.13
501,Wuwei,CN,2021-01-31 23:44:21,37.9281,102.6414,19.54,69,0,2.75
502,Santa Vitoria,BR,2021-01-31 23:44:21,-18.8386,-50.1214,77.88,70,84,5.86
503,Odweyne,SO,2021-01-31 23:44:21,9.4092,45.064,64.6,30,0,10.74
504,Colchester,GB,2021-01-31 23:40:52,51.8892,0.9042,39.0,99,100,12.86
505,Kankaanpaa,FI,2021-01-31 23:44:21,61.8,22.4167,10.0,92,94,3.44
506,Hirara,JP,2021-01-31 23:44:21,24.8,125.2833,64.4,77,20,6.91
507,Meligalas,GR,2021-01-31 23:44:21,37.2167,21.9667,63.0,94,100,9.22
508,Tucurui,BR,2021-01-31 23:44:21,-3.7661,-49.6725,76.01,90,49,1.83
509,Moa,CU,2021-01-31 23:44:21,20.6569,-74.9403,74.01,82,15,14.63
510,Tessalit,ML,2021-01-31 23:44:22,20.1986,1.0114,62.31,24,34,7.43
511,Olafsvik,IS,2021-01-31 23:44:22,64.8945,-23.7142,30.92,93,100,9.89
512,Roding,DE,2021-01-31 23:44:22,49.1964,12.5186,30.99,93,85,1.99
513,Wanning,CN,2021-01-31 23:44:22,18.8003,110.3967,66.07,91,41,7.29
514,Ngaoundere,CM,2021-01-31 23:44:22,7.3167,13.5833,65.25,27,0,3.04
515,Novyy Urengoy,RU,2021-01-31 23:44:22,66.0833,76.6333,-10.68,90,99,7.9
516,Smidovich,RU,2021-01-31 23:44:22,48.6,133.8167,-9.09,86,100,8.01
517,Garzon,CO,2021-01-31 23:44:22,2.1959,-75.6278,72.75,66,80,3.87
518,Keetmanshoop,NA,2021-01-31 23:44:22,-26.5833,18.1333,69.96,36,0,14.0
519,Gambela,ET,2021-01-31 23:44:22,8.25,34.5833,81.46,35,6,1.61
520,Huaihua,CN,2021-01-31 23:44:23,27.5494,109.9592,45.93,92,95,0.18
521,Ostrovnoy,RU,2021-01-31 23:44:11,68.0531,39.5131,11.08,94,88,4.43
522,Akyab,MM,2021-01-31 23:44:23,20.15,92.9,59.95,44,64,8.81
523,Crotone,IT,2021-01-31 23:44:23,39.0851,17.1178,46.0,100,90,9.22
524,Bend,US,2021-01-31 23:44:23,44.0582,-121.3153,48.2,57,40,8.05
525,Thinadhoo,MV,2021-01-31 23:44:23,0.5333,72.9333,82.2,75,93,9.75
526,Tiarei,PF,2021-01-31 23:44:23,-17.5333,-149.3333,86.0,66,40,11.5
527,Margate,GB,2021-01-31 23:44:23,51.3813,1.3862,41.0,90,100,1.99
528,College,US,2021-01-31 23:40:28,64.8569,-147.8028,-2.2,71,90,1.57
529,Hermon,US,2021-01-31 23:44:24,44.8101,-68.9134,17.01,62,20,1.14
530,Marsabit,KE,2021-01-31 23:44:24,2.3284,37.9899,67.53,38,62,9.26
531,Caravelas,BR,2021-01-31 23:44:24,-17.7125,-39.2481,76.08,85,77,6.26
532,Saint-Ambroise,CA,2021-01-31 23:44:24,48.5501,-71.3324,6.01,78,57,3.44
533,Rundu,NA,2021-01-31 23:44:24,-17.9333,19.7667,66.96,95,100,8.86
534,Clarksburg,US,2021-01-31 23:44:24,39.2807,-80.3445,37.4,93,90,8.05
535,Bairiki,KI,2021-01-31 23:44:24,1.3292,172.9752,82.4,78,20,10.36
536,Dunhua,CN,2021-01-31 23:44:24,43.3725,128.2425,24.37,95,79,11.41
537,Arman,RU,2021-01-31 23:44:25,59.7,150.1667,-17.5,76,82,14.07
538,Rosamorada,MX,2021-01-31 23:44:25,22.1222,-105.2058,80.37,47,14,5.77
539,Iguape,BR,2021-01-31 23:44:25,-24.7081,-47.5553,76.69,84,93,15.03
540,Murgab,TM,2021-01-31 23:44:25,37.4966,61.9714,37.4,81,0,4.61
541,Yaan,NG,2021-01-31 23:44:25,7.3833,8.5667,79.43,17,11,6.93
542,Mareeba,AU,2021-01-31 23:44:25,-17.0,145.4333,88.0,69,83,5.99
543,Inzer,RU,2021-01-31 23:44:25,54.2167,57.5556,20.84,92,40,5.32
544,Andenes,NO,2021-01-31 23:44:25,69.3143,16.1194,30.2,86,40,11.5
